Resolution,Time,Type,Channels
1280x720,17.7594,SEQUENTIAL,1
1920x1080,44.2868,SEQUENTIAL,1
3840x2160,157.958,SEQUENTIAL,1
1280x720,137.211,SEQUENTIAL,3
1920x1080,268.699,SEQUENTIAL,3
3840x2160,1103.02,SEQUENTIAL,3
1280x720,0.534912,PARALLEL,1
1280x720,0.864704,PARALLEL,3
1920x1080,0.425600,PARALLEL,1
1920x1080,1.683584,PARALLEL,3
3840x2160,1.557888,PARALLEL,1
3840x2160,3.033760,PARALLEL,3
