Image Size,Histogram Time (ms),CDF Time (ms),Equalization Time (ms),Total Time (ms),Threads,Blocks
128,0.43959,4.7e-05,0.43959,0.879227,N/A,N/A
256,0.080282,4.3e-05,0.080282,0.160607,N/A,N/A
512,0.346945,4.4e-05,0.346945,0.693934,N/A,N/A
1024,0.71986,5.7e-05,0.71986,1.43978,N/A,N/A
2048,2.33987,4.6e-05,2.33987,4.67979,N/A,N/A
