Width,Height,Channels,Method,ExecutionTime(ms),Blocks,Threads
128,128,1,Grayscale,3.57581,64,256
128,128,3,RGB,0.853088,64,256
256,256,1,Grayscale,0.611424,256,256
256,256,3,RGB,0.981472,256,256
512,512,1,Grayscale,1.31603,1024,256
512,512,3,RGB,1.06166,1024,256
1024,1024,1,Grayscale,1.84307,4096,256
1024,1024,3,RGB,2.45917,4096,256
2048,2048,1,Grayscale,3.41187,16384,256
2048,2048,3,RGB,4.85344,16384,256
