Image Size,Histogram Time (ms),CDF Time (ms),Equalization Time (ms),Total Time (ms),Threads,Blocks
128,0.056791,0.001535,0.074019,0.215842,1,1
256,0.233825,0.001341,0.260437,0.548966,1,1
512,0.822782,0.001258,0.961291,1.89485,1,1
1024,3.55264,0.00201,4.0014,11.4957,1,1
2048,13.7933,0.002408,15.9594,33.0693,1,1
