Width,Height,Channels,Method,ExecutionTime(ms),BlockWidth,BlockHeight,TileWidth,TileHeight
128,128,1,Grayscale,0.961152,32,32,32,32
128,128,3,YCbCr,0.691808,32,32,32,32
256,256,1,Grayscale,0.61648,32,32,32,32
256,256,3,YCbCr,0.721952,32,32,32,32
1024,1024,1,Grayscale,1.03168,32,32,32,32
1024,1024,3,YCbCr,0.891328,32,32,32,32
2048,2048,1,Grayscale,2.14182,32,32,32,32
2048,2048,3,YCbCr,2.78909,32,32,32,32
