Resolution,ExecutionTime (ms),Channels,Type
3840x2160,11.4718,PARALLEL,1
1280x720,0.0226089,SEQUENTIAL,1
1920x1080,0.0494022,SEQUENTIAL,1
3840x2160,0.194471,SEQUENTIAL,1
1280x720,72.3226,SEQUENTIAL,3
1920x1080,83.1411,SEQUENTIAL,3
3840x2160,360.851,SEQUENTIAL,3
3840x2160,26.0824,PARALLEL,1
