Image Size,Histogram Time (ms),CDF Time (ms),Equalization Time (ms),Total Time (ms),Threads,Blocks
128,0.013795,3.3e-05,0.013795,0.027623,N/A,N/A
256,0.055449,3.2e-05,0.055449,0.11093,N/A,N/A
512,0.241762,3e-05,0.241762,0.483554,N/A,N/A
1024,0.746767,6.1e-05,0.746767,1.4936,N/A,N/A
2048,2.52613,3.8e-05,2.52613,5.05231,N/A,N/A
