Image Size,Histogram Time (ms),CDF Time (ms),Equalization Time (ms),Total Time (ms),Threads,Blocks
128x128,1.27386,0.021504,0.014336,1.3097,256,64
256x256,0.011264,0.01024,0.009216,0.03072,256,256
512x512,0.026624,0.009216,0.009216,0.045056,256,1024
1024x1024,0.090112,0.011264,0.017408,0.118784,256,4096
2048x2048,0.33792,0.01024,0.062464,0.410624,256,16384
